{"cameraMode":{"drawMode":0,"name":"Shaded","section":"Shading Mode"},"sceneLighting":false,"audioPlay":false,"sceneViewState":{"showFog":true,"showMaterialUpdate":false,"showSkybox":true,"showFlares":true,"showImageEffects":true,"showParticleSystems":true},"in2DMode":false,"pivot":{"x":5.4771728515625,"y":2.310728073120117,"z":10.485221862792969},"rotation":{"x":0.1354341208934784,"y":-0.7155718207359314,"z":0.14468125998973847,"w":0.669837236404419},"size":14.035672187805176,"orthographic":false}